beanmagnet@spamfellas.com,beanmagnet
communitythey@spamfellas.com,communitythey
swamme@silenceofthespam.com,swamme
musclemain@sharkfaces.com,musclemain
aroundfather@whaaaaaaaaaat.com,aroundfather
eitherwant@sociallymediocre.com,eitherwant
bluesink@sociallymediocre.com,bluesink
strucknear@spamsandwich.com,strucknear
ninetall@lilspam.com,ninetall
oilwhen@chewydonut.com,oilwhen
ndhurandher@deloitte.com,12345
representlikely@lilspam.com,representlikely
moodpale@lilspam.com,moodpale
rulerfour@sociallymediocre.com,rulerfour
shelterkind@mailbiscuit.com,shelterkind
marketseparate@sharkfaces.com,marketseparate
vastpopular@pizzajunk.com,vastpopular
trapguide@silenceofthespam.com,trapguide
solutionvertical@realquickemail.com,solutionvertical
unknownproblem@lilspam.com,unknownproblem
signhelpful@itsjiff.com,signhelpful
graduallyminute@mailbiscuit.com,graduallyminute
cupstairs@spamfellas.com,cupstairs
complexbecause@thespamfather.com,complexbecause
basicfog@pizzajunk.com,basicfog
examinefamous@thespamfather.com,examinefamous
furtherweight@lilspam.com,furtherweight
meansthat@realquickemail.com,meansthat
belowlast@snakebutt.com,belowlast
nipema.elobad@vintomaper.com,nipema.elobad
cicujer.digude@vintomaper.com,cicujer.digude
socosabo@labworld.org,socosabo
petubed.fohopoh@mentonit.net,petubed.fohopoh
tedigij.piqadem@mentonit.net,tedigij.piqadem
naqegesa@mentonit.net,naqegesa
jinifafu.ineqate@vintomaper.com,jinifafu.ineqate
vumejeta.egibima@labworld.org,vumejeta.egibima
nubebomi.erumelo@vintomaper.com,nubebomi.erumelo
samajuso@mentonit.net,samajuso
caqufa.iracef@mentonit.net,caqufa.iracef
febuvura.ivefemef@mentonit.net,febuvura.ivefemef
gipuduf.pejenaj@labworld.org,gipuduf.pejenaj
joruhodilero@labworld.org,joruhodilero
vebelaris@mentonit.net,vebelaris
getoramer.totafimo@vintomaper.com,getoramer.totafimo
gitafofi@vintomaper.com,gitafofi
hapotematis@labworld.org,hapotematis
