
greenjet@silenceofthespam.com,greenjet
luckthose@lilspam.com,luckthose
rubberbus@realquickemail.com,rubberbus
travelpoem@lilspam.com,travelpoem
spitewin@lilspam.com,spitewin
medie@lilspam.com,medie
gradedish@sociallymediocre.com,gradedish
independenttall@spamsandwich.com,independenttall
exclaimedtwelve@whaaaaaaaaaat.com,exclaimedtwelve
chosendoll@sociallymediocre.com,chosendoll
looseblind@spamsandwich.com,looseblind
gameshallow@snakebutt.com,gameshallow
machineryapartment@itsjiff.com,machineryapartment
continuedhave@whaaaaaaaaaat.com,continuedhave
enterindividual@spamsandwich.com,enterindividual
movementready@silenceofthespam.com,movementready
findbee@pizzajunk.com,findbee
fieldbread@mailbiscuit.com,fieldbread
capbeyond@realquickemail.com,capbeyond
trapmany@realquickemail.com,trapmany
machinedone@sociallymediocre.com,machinedone
doorscore@spamfellas.com,doorscore
shellsweak@sharkfaces.com,shellsweak
